question_id,grade_level,question,choice_1,choice_2,correct_answer,correct_choice,user_choice,is_correct,response_time
1,Grade 2,18 + 13 =,29,31,31,choice_2,choice_1,False,3.22
2,Grade 3,97 - 63 =,34,37,34,choice_1,choice_2,False,4.99
3,Grade 4,30 - 28 =,0,2,2,choice_2,choice_1,False,5.69
4,Grade 5,49 - 23 =,26,25,26,choice_1,choice_2,False,6.16
5,Grade 3,112 + 22 =,134,135,134,choice_1,choice_2,False,9.13
6,Grade 5,48 - 34 =,14,15,14,choice_1,choice_1,True,7.2
7,Grade 5,93 - 80 =,13,16,13,choice_1,choice_1,True,4.43
8,Grade 3,20 * 3 =,59,60,60,choice_2,choice_2,True,6.49
9,Grade 4,29 + 105 =,134,136,134,choice_1,choice_1,True,3.72
10,Grade 5,4 * 2 =,8,10,8,choice_1,choice_2,False,7.15
11,Grade 1,19 - 18 =,2,1,1,choice_2,choice_1,False,8.78
12,Grade 5,88 + 66 =,155,154,154,choice_2,choice_1,False,8.67
13,Grade 5,67 - 20 =,46,47,47,choice_2,choice_2,True,3.34
14,Grade 4,17 * 6 =,102,105,102,choice_1,choice_2,False,4.37
15,Grade 4,4 * 12 =,48,46,48,choice_1,choice_2,False,6.23
16,Grade 5,88 + 91 =,179,178,179,choice_1,choice_2,False,8.27
17,Grade 4,86 + 141 =,227,230,227,choice_1,choice_1,True,9.88
18,Grade 5,20 * 7 =,138,140,140,choice_2,choice_2,True,3.77
19,Grade 1,4 + 15 =,18,19,19,choice_2,choice_2,True,6.93
20,Grade 4,65 - 39 =,26,29,26,choice_1,choice_1,True,3.61
21,Grade 5,8 * 10 =,80,78,80,choice_1,choice_2,False,8.15
22,Grade 5,74 - 17 =,58,57,57,choice_2,choice_2,True,3.63
23,Grade 1,2 + 20 =,22,20,22,choice_1,choice_1,True,8.07
24,Grade 1,18 + 19 =,39,37,37,choice_2,choice_2,True,5.95
25,Grade 1,12 - 5 =,8,7,7,choice_2,choice_2,True,6.55
26,Grade 2,4 + 11 =,15,17,15,choice_1,choice_1,True,5.34
27,Grade 5,139 + 44 =,183,181,183,choice_1,choice_1,True,5.07
28,Grade 1,19 + 14 =,32,33,33,choice_2,choice_2,True,9.06
29,Grade 1,2 + 6 =,7,8,8,choice_2,choice_2,True,9.89
30,Grade 3,103 + 72 =,173,175,175,choice_2,choice_1,False,7.82
31,Grade 1,9 - 2 =,5,7,7,choice_2,choice_1,False,6.7
32,Grade 2,11 + 15 =,24,26,26,choice_2,choice_1,False,6.23
33,Grade 5,84 - 61 =,25,23,23,choice_2,choice_2,True,4.68
34,Grade 2,11 + 12 =,23,25,23,choice_1,choice_2,False,7.03
35,Grade 4,42 - 10 =,32,31,32,choice_1,choice_1,True,8.59
36,Grade 5,96 - 47 =,50,49,49,choice_2,choice_1,False,7.52
37,Grade 4,16 * 9 =,144,143,144,choice_1,choice_1,True,5.46
38,Grade 1,3 + 11 =,14,17,14,choice_1,choice_2,False,6.22
39,Grade 1,15 + 11 =,26,25,26,choice_1,choice_1,True,5.39
40,Grade 4,111 + 92 =,203,202,203,choice_1,choice_2,False,9.25
41,Grade 3,16 * 10 =,160,159,160,choice_1,choice_1,True,6.66
42,Grade 5,82 - 42 =,43,40,40,choice_2,choice_2,True,5.76
43,Grade 3,23 - 10 =,16,13,13,choice_2,choice_1,False,3.53
44,Grade 1,13 - 11 =,3,2,2,choice_2,choice_2,True,4.42
45,Grade 2,1 + 1 =,2,1,2,choice_1,choice_1,True,7.75
46,Grade 1,12 + 7 =,20,19,19,choice_2,choice_1,False,5.79
47,Grade 5,129 + 22 =,154,151,151,choice_2,choice_1,False,6.62
48,Grade 5,2 * 12 =,24,27,24,choice_1,choice_2,False,4.69
49,Grade 4,29 + 60 =,92,89,89,choice_2,choice_2,True,8.54
50,Grade 4,135 + 88 =,223,225,223,choice_1,choice_2,False,7.12
51,Grade 5,35 - 25 =,8,10,10,choice_2,choice_2,True,3.81
52,Grade 2,12 + 5 =,15,17,17,choice_2,choice_2,True,3.85
53,Grade 2,4 + 8 =,14,12,12,choice_2,choice_1,False,6.37
54,Grade 5,119 + 52 =,169,171,171,choice_2,choice_1,False,5.53
55,Grade 3,8 * 9 =,72,71,72,choice_1,choice_1,True,9.73
56,Grade 3,19 * 2 =,38,40,38,choice_1,choice_1,True,8.88
57,Grade 4,109 + 26 =,135,137,135,choice_1,choice_2,False,7.89
58,Grade 2,3 - 2 =,1,2,1,choice_1,choice_1,True,8.21
59,Grade 2,11 + 12 =,23,21,23,choice_1,choice_2,False,6.67
60,Grade 3,9 * 10 =,92,90,90,choice_2,choice_2,True,7.68
61,Grade 5,4 * 10 =,40,42,40,choice_1,choice_2,False,9.77
62,Grade 4,40 + 22 =,62,65,62,choice_1,choice_1,True,9.76
63,Grade 4,131 + 145 =,279,276,276,choice_2,choice_1,False,9.19
64,Grade 2,15 - 14 =,1,0,1,choice_1,choice_1,True,8.9
65,Grade 3,30 - 15 =,14,15,15,choice_2,choice_2,True,8.82
66,Grade 4,29 + 40 =,69,70,69,choice_1,choice_2,False,5.04
67,Grade 4,24 - 14 =,10,13,10,choice_1,choice_1,True,5.84
68,Grade 3,43 + 123 =,168,166,166,choice_2,choice_2,True,9.95
69,Grade 3,3 * 12 =,37,36,36,choice_2,choice_1,False,9.39
70,Grade 5,103 + 148 =,251,254,251,choice_1,choice_1,True,6.39
71,Grade 5,57 + 124 =,181,184,181,choice_1,choice_1,True,9.83
72,Grade 4,16 * 9 =,144,145,144,choice_1,choice_1,True,6.28
73,Grade 5,16 * 11 =,178,176,176,choice_2,choice_1,False,8.41
74,Grade 3,13 * 3 =,38,39,39,choice_2,choice_2,True,7.08
75,Grade 1,18 + 11 =,29,32,29,choice_1,choice_1,True,9.02
76,Grade 3,40 - 14 =,24,26,26,choice_2,choice_2,True,9.19
77,Grade 2,20 - 9 =,14,11,11,choice_2,choice_1,False,3.59
78,Grade 3,95 + 34 =,132,129,129,choice_2,choice_1,False,7.69
79,Grade 4,135 + 68 =,203,201,203,choice_1,choice_1,True,9.49
80,Grade 5,34 - 16 =,18,21,18,choice_1,choice_2,False,8.32
81,Grade 4,37 + 38 =,74,75,75,choice_2,choice_2,True,4.43
82,Grade 2,17 + 2 =,18,19,19,choice_2,choice_1,False,8.6
83,Grade 4,80 - 74 =,9,6,6,choice_2,choice_1,False,4.4
84,Grade 5,36 - 15 =,19,21,21,choice_2,choice_1,False,5.4
85,Grade 2,13 + 4 =,17,15,17,choice_1,choice_1,True,6.67
86,Grade 1,13 - 8 =,7,5,5,choice_2,choice_2,True,4.36
87,Grade 2,1 + 6 =,8,7,7,choice_2,choice_1,False,8.27
88,Grade 3,23 + 106 =,131,129,129,choice_2,choice_1,False,9.61
89,Grade 2,4 + 15 =,19,20,19,choice_1,choice_1,True,6.33
90,Grade 5,51 + 31 =,82,83,82,choice_1,choice_2,False,7.25
91,Grade 3,142 + 89 =,234,231,231,choice_2,choice_2,True,9.63
92,Grade 2,4 - 3 =,4,1,1,choice_2,choice_1,False,8.71
93,Grade 1,9 + 6 =,18,15,15,choice_2,choice_2,True,5.93
94,Grade 1,13 + 3 =,17,16,16,choice_2,choice_1,False,9.1
95,Grade 2,19 - 11 =,7,8,8,choice_2,choice_1,False,3.69
96,Grade 3,65 - 23 =,42,40,42,choice_1,choice_1,True,8.26
97,Grade 5,60 - 26 =,36,34,34,choice_2,choice_2,True,6.84
98,Grade 3,33 - 25 =,8,10,8,choice_1,choice_2,False,4.38
99,Grade 4,12 * 4 =,47,48,48,choice_2,choice_2,True,5.78
100,Grade 4,84 - 74 =,10,9,10,choice_1,choice_1,True,3.16
101,Grade 2,19 - 15 =,4,6,4,choice_1,choice_2,False,9.76
102,Grade 4,11 * 5 =,55,54,55,choice_1,choice_1,True,6.83
103,Grade 4,33 + 77 =,110,108,110,choice_1,choice_2,False,7.91
104,Grade 1,15 + 7 =,25,22,22,choice_2,choice_2,True,6.16
105,Grade 2,8 - 1 =,7,8,7,choice_1,choice_2,False,7.58
106,Grade 5,75 - 24 =,51,53,51,choice_1,choice_1,True,3.78
107,Grade 4,95 - 19 =,79,76,76,choice_2,choice_1,False,4.7
108,Grade 3,85 + 104 =,189,190,189,choice_1,choice_2,False,5.78
109,Grade 5,140 + 67 =,207,208,207,choice_1,choice_2,False,3.61
110,Grade 3,103 + 93 =,198,196,196,choice_2,choice_1,False,9.55
111,Grade 3,2 * 3 =,8,6,6,choice_2,choice_1,False,6.08
112,Grade 4,77 - 64 =,13,11,13,choice_1,choice_2,False,6.96
113,Grade 4,12 * 6 =,72,71,72,choice_1,choice_2,False,9.33
114,Grade 1,6 + 7 =,13,12,13,choice_1,choice_2,False,3.63
115,Grade 3,120 + 81 =,201,202,201,choice_1,choice_1,True,5.63
116,Grade 2,15 + 6 =,21,23,21,choice_1,choice_2,False,6.81
117,Grade 5,128 + 119 =,249,247,247,choice_2,choice_2,True,5.65
118,Grade 1,5 - 2 =,3,1,3,choice_1,choice_1,True,7.89
119,Grade 3,81 - 57 =,22,24,24,choice_2,choice_2,True,7.39
120,Grade 4,36 + 69 =,105,106,105,choice_1,choice_2,False,4.45
121,Grade 3,16 * 9 =,144,146,144,choice_1,choice_1,True,9.72
122,Grade 5,59 - 43 =,16,18,16,choice_1,choice_1,True,3.21
123,Grade 5,79 - 37 =,43,42,42,choice_2,choice_1,False,6.04
124,Grade 1,10 - 5 =,5,6,5,choice_1,choice_1,True,3.29
125,Grade 4,100 + 33 =,133,131,133,choice_1,choice_1,True,7.4
126,Grade 1,5 + 18 =,25,23,23,choice_2,choice_1,False,6.37
127,Grade 3,106 + 44 =,150,149,150,choice_1,choice_1,True,3.05
128,Grade 1,10 - 2 =,8,9,8,choice_1,choice_1,True,6.46
129,Grade 2,19 - 12 =,7,10,7,choice_1,choice_1,True,5.1
130,Grade 1,18 - 5 =,13,12,13,choice_1,choice_2,False,4.67
131,Grade 1,8 + 5 =,13,11,13,choice_1,choice_1,True,5.8
132,Grade 2,13 + 9 =,22,21,22,choice_1,choice_1,True,5.64
133,Grade 1,7 + 5 =,12,13,12,choice_1,choice_2,False,9.45
134,Grade 1,3 + 8 =,11,12,11,choice_1,choice_2,False,8.27
135,Grade 1,15 - 14 =,3,1,1,choice_2,choice_1,False,5.1
136,Grade 3,26 + 27 =,53,52,53,choice_1,choice_1,True,6.8
137,Grade 2,14 - 1 =,12,13,13,choice_2,choice_1,False,8.04
138,Grade 5,17 * 10 =,170,172,170,choice_1,choice_2,False,5.13
139,Grade 4,133 + 113 =,246,247,246,choice_1,choice_2,False,7.76
140,Grade 2,20 + 16 =,36,35,36,choice_1,choice_2,False,9.97
141,Grade 2,18 + 6 =,24,22,24,choice_1,choice_1,True,5.44
142,Grade 5,2 * 11 =,22,21,22,choice_1,choice_1,True,5.97
143,Grade 1,5 + 6 =,12,11,11,choice_2,choice_1,False,9.28
144,Grade 2,5 + 9 =,15,14,14,choice_2,choice_2,True,6.73
145,Grade 5,18 * 11 =,198,197,198,choice_1,choice_2,False,5.07
146,Grade 5,49 + 76 =,125,127,125,choice_1,choice_2,False,3.5
147,Grade 3,145 + 53 =,199,198,198,choice_2,choice_1,False,6.75
148,Grade 3,129 + 46 =,178,175,175,choice_2,choice_2,True,4.34
149,Grade 1,16 - 9 =,7,8,7,choice_1,choice_2,False,6.35
150,Grade 5,38 + 49 =,87,90,87,choice_1,choice_1,True,9.8
151,Grade 5,12 * 12 =,145,144,144,choice_2,choice_1,False,6.5
152,Grade 2,10 - 5 =,5,6,5,choice_1,choice_1,True,8.41
153,Grade 5,42 - 26 =,16,18,16,choice_1,choice_2,False,7.81
154,Grade 2,3 + 4 =,10,7,7,choice_2,choice_1,False,6.31
155,Grade 1,9 - 3 =,6,8,6,choice_1,choice_1,True,4.79
156,Grade 2,10 - 6 =,7,4,4,choice_2,choice_2,True,3.53
157,Grade 5,13 * 3 =,41,39,39,choice_2,choice_2,True,5.34
158,Grade 4,3 * 6 =,18,20,18,choice_1,choice_1,True,5.02
159,Grade 5,10 * 6 =,60,62,60,choice_1,choice_2,False,9.99
160,Grade 4,11 * 7 =,75,77,77,choice_2,choice_1,False,4.32
161,Grade 3,54 - 20 =,34,35,34,choice_1,choice_1,True,7.0
162,Grade 4,66 - 30 =,36,34,36,choice_1,choice_1,True,5.7
163,Grade 5,93 + 46 =,139,138,139,choice_1,choice_2,False,7.2
164,Grade 5,83 - 33 =,48,50,50,choice_2,choice_1,False,3.32
165,Grade 1,6 + 5 =,11,9,11,choice_1,choice_1,True,6.24
166,Grade 3,16 * 9 =,146,144,144,choice_2,choice_1,False,7.87
167,Grade 1,9 + 3 =,12,10,12,choice_1,choice_2,False,7.33
168,Grade 2,19 + 5 =,24,25,24,choice_1,choice_2,False,8.09
169,Grade 4,2 * 5 =,11,10,10,choice_2,choice_2,True,7.32
170,Grade 2,1 + 10 =,11,14,11,choice_1,choice_2,False,7.29
171,Grade 5,7 * 8 =,56,58,56,choice_1,choice_2,False,8.48
172,Grade 2,17 + 9 =,26,29,26,choice_1,choice_2,False,5.16
173,Grade 5,73 + 140 =,211,213,213,choice_2,choice_2,True,5.1
174,Grade 1,1 + 14 =,15,17,15,choice_1,choice_1,True,5.65
175,Grade 4,104 + 120 =,224,225,224,choice_1,choice_2,False,7.67
176,Grade 1,10 - 9 =,2,1,1,choice_2,choice_1,False,3.02
177,Grade 1,18 - 2 =,15,16,16,choice_2,choice_1,False,4.84
178,Grade 4,12 * 2 =,22,24,24,choice_2,choice_2,True,4.12
179,Grade 1,16 + 19 =,34,35,35,choice_2,choice_1,False,6.04
180,Grade 3,33 - 14 =,22,19,19,choice_2,choice_2,True,7.66
181,Grade 5,32 - 26 =,8,6,6,choice_2,choice_2,True,5.52
182,Grade 2,10 - 10 =,0,3,0,choice_1,choice_2,False,5.85
183,Grade 3,17 * 10 =,171,170,170,choice_2,choice_2,True,6.6
184,Grade 3,6 * 3 =,18,16,18,choice_1,choice_2,False,8.73
185,Grade 4,92 - 63 =,29,28,29,choice_1,choice_2,False,3.91
186,Grade 2,20 - 6 =,14,12,14,choice_1,choice_1,True,8.58
187,Grade 4,8 * 12 =,95,96,96,choice_2,choice_2,True,7.81
188,Grade 4,15 * 4 =,60,61,60,choice_1,choice_1,True,6.44
189,Grade 1,3 - 2 =,-1,1,1,choice_2,choice_2,True,6.49
190,Grade 2,13 + 2 =,17,15,15,choice_2,choice_1,False,7.42
191,Grade 4,132 + 106 =,238,240,238,choice_1,choice_2,False,8.69
192,Grade 2,8 + 3 =,12,11,11,choice_2,choice_2,True,3.17
193,Grade 3,75 + 135 =,210,212,210,choice_1,choice_2,False,3.48
194,Grade 3,140 + 32 =,170,172,172,choice_2,choice_1,False,8.47
195,Grade 4,10 * 2 =,20,23,20,choice_1,choice_1,True,9.25
196,Grade 1,20 + 3 =,23,24,23,choice_1,choice_2,False,8.13
197,Grade 1,2 + 17 =,19,21,19,choice_1,choice_1,True,3.55
198,Grade 4,51 - 37 =,14,16,14,choice_1,choice_1,True,7.29
199,Grade 5,57 - 35 =,22,23,22,choice_1,choice_1,True,6.09
200,Grade 5,5 * 11 =,57,55,55,choice_2,choice_1,False,5.95
201,Grade 4,37 - 12 =,23,25,25,choice_2,choice_2,True,9.58
202,Grade 5,57 + 142 =,199,197,199,choice_1,choice_2,False,6.98
203,Grade 5,21 - 12 =,9,10,9,choice_1,choice_1,True,8.04
204,Grade 5,26 - 26 =,2,0,0,choice_2,choice_2,True,7.34
205,Grade 5,17 * 8 =,139,136,136,choice_2,choice_1,False,8.33
206,Grade 1,15 + 13 =,26,28,28,choice_2,choice_1,False,5.59
207,Grade 3,71 - 40 =,31,33,31,choice_1,choice_2,False,6.17
208,Grade 2,6 - 4 =,2,4,2,choice_1,choice_2,False,7.95
209,Grade 3,4 * 2 =,8,11,8,choice_1,choice_2,False,7.13
210,Grade 2,1 + 18 =,19,21,19,choice_1,choice_1,True,6.53
211,Grade 2,19 - 2 =,17,15,17,choice_1,choice_2,False,6.66
212,Grade 2,17 - 6 =,11,12,11,choice_1,choice_1,True,3.44
213,Grade 1,20 - 3 =,17,18,17,choice_1,choice_1,True,9.26
214,Grade 3,59 + 80 =,139,142,139,choice_1,choice_2,False,6.94
215,Grade 2,11 + 14 =,24,25,25,choice_2,choice_1,False,4.05
216,Grade 2,9 - 4 =,8,5,5,choice_2,choice_1,False,7.85
217,Grade 5,39 + 25 =,67,64,64,choice_2,choice_2,True,9.03
218,Grade 1,4 - 2 =,2,0,2,choice_1,choice_1,True,9.04
219,Grade 1,5 + 18 =,26,23,23,choice_2,choice_2,True,7.34
220,Grade 1,10 + 8 =,21,18,18,choice_2,choice_2,True,3.19
221,Grade 5,23 - 10 =,15,13,13,choice_2,choice_1,False,3.98
222,Grade 2,17 + 3 =,18,20,20,choice_2,choice_1,False,6.84
223,Grade 1,11 + 17 =,28,27,28,choice_1,choice_1,True,6.9
224,Grade 2,17 + 14 =,29,31,31,choice_2,choice_1,False,9.27
225,Grade 4,7 * 8 =,56,58,56,choice_1,choice_1,True,6.98
226,Grade 3,16 * 7 =,110,112,112,choice_2,choice_1,False,8.3
227,Grade 1,11 - 1 =,9,10,10,choice_2,choice_2,True,8.05
228,Grade 3,9 * 11 =,99,97,99,choice_1,choice_2,False,8.69
229,Grade 5,23 - 18 =,5,7,5,choice_1,choice_2,False,6.74
230,Grade 5,22 - 22 =,-2,0,0,choice_2,choice_2,True,9.14
231,Grade 2,7 + 5 =,12,14,12,choice_1,choice_2,False,3.45
232,Grade 2,20 - 10 =,10,9,10,choice_1,choice_2,False,4.49
233,Grade 2,17 - 11 =,4,6,6,choice_2,choice_2,True,8.63
234,Grade 1,14 - 4 =,9,10,10,choice_2,choice_2,True,7.41
235,Grade 5,121 + 149 =,270,273,270,choice_1,choice_2,False,3.82
236,Grade 3,14 * 12 =,170,168,168,choice_2,choice_1,False,8.1
237,Grade 1,11 + 19 =,30,31,30,choice_1,choice_1,True,8.4
238,Grade 2,19 - 7 =,15,12,12,choice_2,choice_2,True,5.67
239,Grade 1,10 + 7 =,17,20,17,choice_1,choice_1,True,9.8
240,Grade 5,77 + 109 =,188,186,186,choice_2,choice_2,True,8.57
241,Grade 3,68 - 51 =,17,16,17,choice_1,choice_2,False,7.46
242,Grade 5,57 + 73 =,130,131,130,choice_1,choice_2,False,8.68
243,Grade 4,30 - 23 =,7,8,7,choice_1,choice_2,False,9.52
244,Grade 5,7 * 3 =,23,21,21,choice_2,choice_2,True,4.32
245,Grade 1,12 - 10 =,2,0,2,choice_1,choice_1,True,7.12
246,Grade 2,10 + 9 =,18,19,19,choice_2,choice_2,True,9.48
247,Grade 4,6 * 11 =,67,66,66,choice_2,choice_1,False,9.04
248,Grade 2,17 - 3 =,16,14,14,choice_2,choice_2,True,5.56
249,Grade 1,19 + 8 =,25,27,27,choice_2,choice_2,True,4.97
250,Grade 5,50 - 12 =,39,38,38,choice_2,choice_1,False,8.68
251,Grade 4,20 * 12 =,240,243,240,choice_1,choice_1,True,3.31
252,Grade 5,80 - 14 =,66,65,66,choice_1,choice_1,True,3.74
253,Grade 2,16 - 5 =,11,10,11,choice_1,choice_1,True,9.78
254,Grade 5,19 * 7 =,133,136,133,choice_1,choice_2,False,8.79
255,Grade 3,97 + 102 =,199,202,199,choice_1,choice_2,False,7.12
256,Grade 3,68 + 133 =,201,203,201,choice_1,choice_1,True,9.61
257,Grade 2,19 + 5 =,24,23,24,choice_1,choice_2,False,5.31
258,Grade 2,17 - 15 =,3,2,2,choice_2,choice_2,True,9.89
259,Grade 1,7 - 1 =,6,4,6,choice_1,choice_2,False,7.6
260,Grade 2,4 + 5 =,9,7,9,choice_1,choice_2,False,3.42
261,Grade 5,3 * 10 =,30,31,30,choice_1,choice_2,False,9.13
262,Grade 2,7 - 1 =,4,6,6,choice_2,choice_1,False,4.39
263,Grade 5,28 - 27 =,1,3,1,choice_1,choice_1,True,5.32
264,Grade 5,7 * 10 =,70,73,70,choice_1,choice_1,True,8.0
265,Grade 2,19 + 10 =,32,29,29,choice_2,choice_1,False,6.68
266,Grade 4,84 - 74 =,11,10,10,choice_2,choice_1,False,5.88
267,Grade 1,19 - 17 =,0,2,2,choice_2,choice_1,False,6.31
268,Grade 4,79 - 62 =,16,17,17,choice_2,choice_1,False,4.76
269,Grade 2,1 + 20 =,24,21,21,choice_2,choice_2,True,7.91
270,Grade 2,14 + 4 =,17,18,18,choice_2,choice_1,False,8.65
271,Grade 4,12 * 11 =,130,132,132,choice_2,choice_1,False,9.54
272,Grade 1,19 - 6 =,13,15,13,choice_1,choice_1,True,7.21
273,Grade 5,40 - 20 =,20,18,20,choice_1,choice_1,True,6.08
274,Grade 1,13 + 11 =,23,24,24,choice_2,choice_2,True,4.65
275,Grade 5,10 * 5 =,50,53,50,choice_1,choice_2,False,7.93
276,Grade 1,10 + 14 =,24,25,24,choice_1,choice_2,False,9.84
277,Grade 2,18 - 16 =,3,2,2,choice_2,choice_2,True,7.67
278,Grade 2,9 - 5 =,7,4,4,choice_2,choice_1,False,9.8
279,Grade 4,69 - 14 =,55,53,55,choice_1,choice_2,False,4.24
280,Grade 2,13 + 10 =,23,22,23,choice_1,choice_1,True,7.19
281,Grade 2,12 - 12 =,-1,0,0,choice_2,choice_1,False,5.95
282,Grade 4,40 - 12 =,31,28,28,choice_2,choice_2,True,9.68
283,Grade 2,9 + 12 =,21,22,21,choice_1,choice_1,True,6.88
284,Grade 2,3 + 19 =,20,22,22,choice_2,choice_1,False,6.49
285,Grade 2,4 + 16 =,20,19,20,choice_1,choice_1,True,9.31
286,Grade 1,4 + 1 =,4,5,5,choice_2,choice_2,True,5.54
287,Grade 3,2 * 12 =,24,22,24,choice_1,choice_1,True,9.22
288,Grade 4,105 + 116 =,221,223,221,choice_1,choice_2,False,5.94
289,Grade 3,58 + 133 =,189,191,191,choice_2,choice_1,False,5.86
290,Grade 1,17 + 8 =,24,25,25,choice_2,choice_1,False,7.57
291,Grade 5,3 * 9 =,27,25,27,choice_1,choice_2,False,6.93
292,Grade 1,4 - 2 =,2,1,2,choice_1,choice_1,True,3.73
293,Grade 2,14 + 10 =,26,24,24,choice_2,choice_1,False,4.05
294,Grade 2,4 - 4 =,0,1,0,choice_1,choice_1,True,7.48
295,Grade 4,92 - 57 =,34,35,35,choice_2,choice_2,True,7.66
296,Grade 3,80 - 65 =,13,15,15,choice_2,choice_2,True,5.62
297,Grade 4,5 * 12 =,62,60,60,choice_2,choice_2,True,4.0
298,Grade 3,90 + 22 =,110,112,112,choice_2,choice_2,True,8.43
299,Grade 4,129 + 25 =,153,154,154,choice_2,choice_2,True,7.53
300,Grade 3,62 - 10 =,54,52,52,choice_2,choice_1,False,6.57
301,Grade 2,17 - 11 =,4,6,6,choice_2,choice_2,True,4.29
302,Grade 3,10 * 4 =,40,42,40,choice_1,choice_2,False,8.45
303,Grade 1,11 - 8 =,3,1,3,choice_1,choice_2,False,5.17
304,Grade 3,14 * 8 =,112,115,112,choice_1,choice_1,True,5.27
305,Grade 5,18 * 3 =,54,56,54,choice_1,choice_1,True,4.34
306,Grade 5,32 - 28 =,4,2,4,choice_1,choice_1,True,9.17
307,Grade 2,10 + 11 =,23,21,21,choice_2,choice_2,True,6.81
308,Grade 1,2 + 5 =,5,7,7,choice_2,choice_1,False,7.87
309,Grade 2,18 + 14 =,32,30,32,choice_1,choice_1,True,7.01
310,Grade 2,7 + 1 =,9,8,8,choice_2,choice_1,False,6.27
311,Grade 4,32 + 95 =,128,127,127,choice_2,choice_2,True,5.87
312,Grade 2,11 + 2 =,13,16,13,choice_1,choice_1,True,3.59
313,Grade 2,15 + 18 =,31,33,33,choice_2,choice_1,False,6.19
314,Grade 4,14 * 6 =,85,84,84,choice_2,choice_1,False,6.79
315,Grade 4,19 * 9 =,169,171,171,choice_2,choice_2,True,7.34
316,Grade 2,16 - 6 =,10,12,10,choice_1,choice_1,True,5.37
317,Grade 4,10 * 9 =,90,93,90,choice_1,choice_2,False,8.28
318,Grade 4,17 * 4 =,69,68,68,choice_2,choice_2,True,4.21
319,Grade 1,9 - 8 =,2,1,1,choice_2,choice_1,False,9.88
320,Grade 4,15 * 6 =,93,90,90,choice_2,choice_2,True,4.19
321,Grade 5,78 - 70 =,10,8,8,choice_2,choice_1,False,6.68
322,Grade 1,7 + 3 =,10,13,10,choice_1,choice_1,True,3.91
323,Grade 5,37 - 10 =,27,28,27,choice_1,choice_2,False,3.72
324,Grade 2,12 - 8 =,4,7,4,choice_1,choice_1,True,5.98
325,Grade 5,96 - 57 =,39,40,39,choice_1,choice_2,False,10.0
326,Grade 2,5 - 4 =,1,3,1,choice_1,choice_1,True,7.19
327,Grade 4,65 + 121 =,186,188,186,choice_1,choice_1,True,7.0
328,Grade 5,69 - 27 =,45,42,42,choice_2,choice_1,False,9.83
329,Grade 1,18 - 14 =,4,7,4,choice_1,choice_2,False,6.08
330,Grade 5,43 - 21 =,22,21,22,choice_1,choice_2,False,9.3
331,Grade 5,96 - 80 =,16,17,16,choice_1,choice_2,False,5.26
332,Grade 4,41 - 33 =,8,7,8,choice_1,choice_1,True,6.77
333,Grade 4,95 - 77 =,16,18,18,choice_2,choice_2,True,3.29
334,Grade 2,9 - 3 =,6,5,6,choice_1,choice_1,True,8.64
335,Grade 2,12 + 8 =,19,20,20,choice_2,choice_2,True,5.85
336,Grade 5,20 * 8 =,160,161,160,choice_1,choice_2,False,4.26
337,Grade 3,142 + 110 =,255,252,252,choice_2,choice_2,True,5.69
338,Grade 1,12 - 10 =,4,2,2,choice_2,choice_2,True,5.52
339,Grade 3,21 - 18 =,3,4,3,choice_1,choice_2,False,3.13
340,Grade 5,41 + 28 =,69,67,69,choice_1,choice_2,False,5.82
341,Grade 5,19 * 8 =,154,152,152,choice_2,choice_1,False,7.09
342,Grade 2,17 + 11 =,28,26,28,choice_1,choice_2,False,4.83
343,Grade 3,84 - 43 =,43,41,41,choice_2,choice_2,True,8.65
344,Grade 5,11 * 9 =,101,99,99,choice_2,choice_1,False,8.73
345,Grade 2,2 - 1 =,1,0,1,choice_1,choice_2,False,6.15
346,Grade 4,32 + 30 =,64,62,62,choice_2,choice_1,False,8.76
347,Grade 3,67 + 140 =,205,207,207,choice_2,choice_1,False,5.76
348,Grade 2,5 + 12 =,17,18,17,choice_1,choice_1,True,4.49
349,Grade 5,55 + 133 =,187,188,188,choice_2,choice_2,True,6.21
350,Grade 2,14 - 8 =,6,8,6,choice_1,choice_2,False,6.54
351,Grade 1,11 - 2 =,9,10,9,choice_1,choice_2,False,7.75
352,Grade 5,87 - 39 =,46,48,48,choice_2,choice_1,False,8.43
353,Grade 5,51 - 43 =,8,10,8,choice_1,choice_2,False,4.23
354,Grade 4,48 - 22 =,26,27,26,choice_1,choice_1,True,4.58
355,Grade 2,3 + 4 =,7,6,7,choice_1,choice_2,False,8.72
356,Grade 3,2 * 9 =,18,21,18,choice_1,choice_2,False,7.71
357,Grade 4,56 - 51 =,5,8,5,choice_1,choice_1,True,3.68
358,Grade 2,12 - 8 =,6,4,4,choice_2,choice_1,False,4.81
359,Grade 1,8 + 18 =,26,28,26,choice_1,choice_2,False,8.54
360,Grade 5,79 - 56 =,22,23,23,choice_2,choice_1,False,3.21
361,Grade 2,20 - 14 =,8,6,6,choice_2,choice_1,False,5.89
362,Grade 5,12 * 11 =,132,135,132,choice_1,choice_2,False,6.46
363,Grade 3,150 + 142 =,291,292,292,choice_2,choice_1,False,4.35
364,Grade 5,5 * 7 =,35,33,35,choice_1,choice_2,False,9.4
365,Grade 1,18 + 1 =,20,19,19,choice_2,choice_2,True,9.71
366,Grade 1,17 - 4 =,13,11,13,choice_1,choice_2,False,8.24
367,Grade 2,17 - 1 =,17,16,16,choice_2,choice_2,True,9.51
368,Grade 5,148 + 79 =,227,228,227,choice_1,choice_1,True,8.24
369,Grade 4,39 - 23 =,16,17,16,choice_1,choice_2,False,8.33
370,Grade 1,14 - 14 =,-1,0,0,choice_2,choice_1,False,4.42
371,Grade 1,11 + 5 =,14,16,16,choice_2,choice_2,True,6.9
372,Grade 4,100 + 69 =,171,169,169,choice_2,choice_1,False,3.32
373,Grade 4,115 + 70 =,184,185,185,choice_2,choice_1,False,4.58
374,Grade 4,20 * 7 =,140,138,140,choice_1,choice_1,True,4.25
375,Grade 5,9 * 12 =,108,109,108,choice_1,choice_2,False,4.08
376,Grade 2,14 + 17 =,31,29,31,choice_1,choice_2,False,5.38
377,Grade 5,10 * 10 =,101,100,100,choice_2,choice_1,False,3.44
378,Grade 4,70 - 67 =,3,1,3,choice_1,choice_1,True,9.48
379,Grade 4,18 * 6 =,109,108,108,choice_2,choice_1,False,4.09
380,Grade 3,64 + 46 =,113,110,110,choice_2,choice_2,True,4.09
381,Grade 2,9 - 5 =,7,4,4,choice_2,choice_2,True,9.25
382,Grade 5,84 - 59 =,27,25,25,choice_2,choice_2,True,3.91
383,Grade 3,2 * 5 =,10,12,10,choice_1,choice_1,True,9.29
384,Grade 5,60 - 53 =,7,6,7,choice_1,choice_1,True,5.93
385,Grade 2,15 - 13 =,2,1,2,choice_1,choice_1,True,3.56
386,Grade 1,17 - 11 =,6,4,6,choice_1,choice_1,True,9.3
387,Grade 4,58 - 18 =,41,40,40,choice_2,choice_1,False,3.85
388,Grade 2,18 + 12 =,30,29,30,choice_1,choice_1,True,3.5
389,Grade 4,49 - 27 =,20,22,22,choice_2,choice_1,False,4.63
390,Grade 1,17 - 1 =,16,17,16,choice_1,choice_2,False,6.56
391,Grade 1,3 + 11 =,17,14,14,choice_2,choice_1,False,9.48
392,Grade 4,81 - 62 =,19,20,19,choice_1,choice_2,False,8.47
393,Grade 4,38 - 30 =,9,8,8,choice_2,choice_1,False,9.37
394,Grade 5,21 - 21 =,0,2,0,choice_1,choice_2,False,9.28
395,Grade 1,11 + 17 =,27,28,28,choice_2,choice_2,True,8.66
396,Grade 2,15 - 8 =,7,6,7,choice_1,choice_1,True,5.85
397,Grade 4,49 - 28 =,21,20,21,choice_1,choice_1,True,7.76
398,Grade 5,62 + 123 =,184,185,185,choice_2,choice_2,True,9.88
399,Grade 5,15 * 5 =,73,75,75,choice_2,choice_2,True,3.66
400,Grade 1,11 + 20 =,30,31,31,choice_2,choice_1,False,7.52
401,Grade 4,86 - 31 =,56,55,55,choice_2,choice_2,True,7.0
402,Grade 2,14 - 9 =,5,8,5,choice_1,choice_2,False,8.48
403,Grade 3,136 + 147 =,283,282,283,choice_1,choice_1,True,9.07
404,Grade 5,66 - 34 =,35,32,32,choice_2,choice_1,False,7.56
405,Grade 4,121 + 101 =,222,220,222,choice_1,choice_2,False,9.73
406,Grade 1,10 - 1 =,9,8,9,choice_1,choice_2,False,7.29
407,Grade 5,51 - 45 =,6,5,6,choice_1,choice_1,True,4.25
408,Grade 2,18 - 4 =,14,16,14,choice_1,choice_1,True,3.85
409,Grade 4,16 * 11 =,176,177,176,choice_1,choice_1,True,7.03
410,Grade 1,20 + 12 =,32,31,32,choice_1,choice_2,False,9.81
411,Grade 2,15 - 10 =,6,5,5,choice_2,choice_2,True,9.75
412,Grade 2,17 + 2 =,19,18,19,choice_1,choice_2,False,4.43
413,Grade 3,10 * 5 =,52,50,50,choice_2,choice_2,True,7.32
414,Grade 1,11 - 9 =,5,2,2,choice_2,choice_2,True,3.06
415,Grade 2,6 - 5 =,1,2,1,choice_1,choice_2,False,7.12
416,Grade 2,14 - 10 =,7,4,4,choice_2,choice_2,True,7.68
417,Grade 3,40 + 139 =,181,179,179,choice_2,choice_2,True,6.16
418,Grade 3,79 - 54 =,25,26,25,choice_1,choice_1,True,9.47
419,Grade 4,64 + 26 =,92,90,90,choice_2,choice_1,False,3.16
420,Grade 4,49 - 14 =,38,35,35,choice_2,choice_1,False,8.16
421,Grade 3,12 * 11 =,132,134,132,choice_1,choice_2,False,7.0
422,Grade 1,13 - 6 =,5,7,7,choice_2,choice_1,False,5.1
423,Grade 3,70 - 12 =,61,58,58,choice_2,choice_2,True,9.55
424,Grade 5,10 * 12 =,120,119,120,choice_1,choice_1,True,5.37
425,Grade 4,18 * 5 =,91,90,90,choice_2,choice_2,True,4.56
426,Grade 4,38 - 21 =,17,19,17,choice_1,choice_2,False,6.29
427,Grade 5,91 - 50 =,40,41,41,choice_2,choice_2,True,8.94
428,Grade 4,45 - 26 =,20,19,19,choice_2,choice_1,False,3.9
429,Grade 1,7 + 12 =,22,19,19,choice_2,choice_2,True,4.21
430,Grade 1,12 - 4 =,11,8,8,choice_2,choice_2,True,6.19
431,Grade 2,16 - 1 =,13,15,15,choice_2,choice_1,False,4.27
432,Grade 4,39 + 26 =,65,63,65,choice_1,choice_2,False,3.99
433,Grade 4,56 - 21 =,35,34,35,choice_1,choice_1,True,8.35
434,Grade 2,15 - 10 =,5,7,5,choice_1,choice_1,True,3.17
435,Grade 1,13 - 12 =,4,1,1,choice_2,choice_1,False,7.82
436,Grade 3,66 - 19 =,49,47,47,choice_2,choice_1,False,8.49
437,Grade 2,17 - 4 =,13,16,13,choice_1,choice_2,False,9.96
438,Grade 5,126 + 102 =,228,227,228,choice_1,choice_2,False,9.74
439,Grade 1,18 - 8 =,11,10,10,choice_2,choice_1,False,3.58
440,Grade 2,15 - 3 =,12,13,12,choice_1,choice_1,True,9.11
441,Grade 1,5 + 9 =,16,14,14,choice_2,choice_2,True,3.12
442,Grade 3,140 + 126 =,269,266,266,choice_2,choice_1,False,6.56
443,Grade 4,16 * 5 =,80,81,80,choice_1,choice_2,False,6.26
444,Grade 4,5 * 7 =,33,35,35,choice_2,choice_2,True,5.24
445,Grade 2,11 - 5 =,7,6,6,choice_2,choice_2,True,4.94
446,Grade 4,121 + 44 =,163,165,165,choice_2,choice_2,True,4.25
447,Grade 2,10 - 3 =,5,7,7,choice_2,choice_2,True,9.47
448,Grade 5,15 * 2 =,30,28,30,choice_1,choice_2,False,3.08
449,Grade 4,85 - 68 =,16,17,17,choice_2,choice_1,False,3.04
450,Grade 3,60 + 75 =,137,135,135,choice_2,choice_2,True,3.37
451,Grade 1,14 + 2 =,16,18,16,choice_1,choice_2,False,8.65
452,Grade 3,83 + 118 =,202,201,201,choice_2,choice_2,True,3.46
453,Grade 3,81 - 64 =,15,17,17,choice_2,choice_2,True,9.34
454,Grade 4,71 - 43 =,28,29,28,choice_1,choice_1,True,8.7
455,Grade 1,6 + 3 =,10,9,9,choice_2,choice_1,False,3.79
456,Grade 3,64 - 42 =,20,22,22,choice_2,choice_2,True,8.61
457,Grade 4,2 * 6 =,12,10,12,choice_1,choice_2,False,7.6
458,Grade 3,2 * 9 =,18,21,18,choice_1,choice_2,False,3.62
459,Grade 1,8 - 5 =,3,2,3,choice_1,choice_1,True,3.66
460,Grade 5,23 - 20 =,3,5,3,choice_1,choice_1,True,8.29
461,Grade 2,8 + 9 =,17,16,17,choice_1,choice_2,False,3.31
462,Grade 5,5 * 11 =,55,53,55,choice_1,choice_2,False,9.89
463,Grade 5,92 - 84 =,8,9,8,choice_1,choice_1,True,9.93
464,Grade 4,57 - 27 =,30,31,30,choice_1,choice_1,True,8.81
465,Grade 4,117 + 49 =,169,166,166,choice_2,choice_1,False,9.16
466,Grade 3,64 + 132 =,194,196,196,choice_2,choice_1,False,7.7
467,Grade 4,13 * 3 =,37,39,39,choice_2,choice_2,True,6.04
468,Grade 3,25 - 18 =,7,9,7,choice_1,choice_1,True,3.31
469,Grade 4,9 * 9 =,80,81,81,choice_2,choice_1,False,6.66
470,Grade 3,4 * 10 =,43,40,40,choice_2,choice_2,True,8.25
471,Grade 1,10 - 8 =,2,1,2,choice_1,choice_1,True,4.3
472,Grade 4,7 * 12 =,84,87,84,choice_1,choice_1,True,4.0
473,Grade 1,20 + 5 =,25,26,25,choice_1,choice_2,False,5.63
474,Grade 3,22 + 140 =,162,163,162,choice_1,choice_2,False,9.85
475,Grade 5,17 * 7 =,117,119,119,choice_2,choice_2,True,7.82
476,Grade 1,3 + 4 =,6,7,7,choice_2,choice_2,True,6.04
477,Grade 5,86 - 42 =,44,47,44,choice_1,choice_1,True,7.83
478,Grade 2,20 - 16 =,5,4,4,choice_2,choice_2,True,5.86
479,Grade 3,94 - 17 =,79,77,77,choice_2,choice_2,True,5.86
480,Grade 2,9 - 4 =,5,4,5,choice_1,choice_1,True,3.55
481,Grade 4,14 * 2 =,31,28,28,choice_2,choice_1,False,8.95
482,Grade 5,21 - 16 =,5,6,5,choice_1,choice_2,False,3.31
483,Grade 1,3 - 2 =,1,4,1,choice_1,choice_1,True,4.03
484,Grade 1,11 + 11 =,25,22,22,choice_2,choice_2,True,5.45
485,Grade 2,13 + 9 =,22,23,22,choice_1,choice_1,True,5.05
486,Grade 4,22 - 16 =,4,6,6,choice_2,choice_1,False,5.34
487,Grade 2,11 + 18 =,32,29,29,choice_2,choice_1,False,8.74
488,Grade 1,15 - 9 =,6,5,6,choice_1,choice_2,False,9.89
489,Grade 2,4 - 2 =,2,0,2,choice_1,choice_2,False,5.32
490,Grade 3,97 + 29 =,129,126,126,choice_2,choice_2,True,9.33
491,Grade 1,14 - 3 =,13,11,11,choice_2,choice_2,True,7.87
492,Grade 5,34 - 13 =,21,24,21,choice_1,choice_2,False,5.93
493,Grade 2,13 - 1 =,12,13,12,choice_1,choice_1,True,5.75
494,Grade 4,90 + 144 =,234,237,234,choice_1,choice_1,True,7.0
495,Grade 4,16 * 10 =,158,160,160,choice_2,choice_1,False,4.55
496,Grade 2,18 - 17 =,4,1,1,choice_2,choice_2,True,6.23
497,Grade 4,6 * 8 =,48,50,48,choice_1,choice_1,True,9.68
498,Grade 4,137 + 60 =,199,197,197,choice_2,choice_1,False,7.1
499,Grade 1,1 + 19 =,20,22,20,choice_1,choice_2,False,8.82
500,Grade 1,20 - 10 =,10,9,10,choice_1,choice_2,False,4.09
501,Grade 2,13 + 4 =,17,15,17,choice_1,choice_2,False,9.96
502,Grade 1,9 + 10 =,20,19,19,choice_2,choice_2,True,6.49
503,Grade 5,59 - 44 =,18,15,15,choice_2,choice_2,True,4.66
504,Grade 3,29 + 64 =,91,93,93,choice_2,choice_1,False,5.25
505,Grade 5,129 + 125 =,254,256,254,choice_1,choice_2,False,5.38
506,Grade 5,113 + 127 =,241,240,240,choice_2,choice_2,True,4.86
507,Grade 2,6 + 18 =,24,27,24,choice_1,choice_2,False,4.75
508,Grade 5,14 * 10 =,139,140,140,choice_2,choice_1,False,3.74
509,Grade 1,9 - 6 =,3,5,3,choice_1,choice_2,False,6.76
510,Grade 4,40 - 29 =,12,11,11,choice_2,choice_2,True,7.57
511,Grade 1,3 + 9 =,12,15,12,choice_1,choice_1,True,5.84
512,Grade 5,13 * 3 =,39,37,39,choice_1,choice_2,False,4.62
513,Grade 1,20 + 3 =,22,23,23,choice_2,choice_1,False,7.54
514,Grade 5,32 - 26 =,6,8,6,choice_1,choice_1,True,7.57
515,Grade 2,10 - 9 =,1,4,1,choice_1,choice_1,True,6.03
516,Grade 1,9 - 9 =,0,-1,0,choice_1,choice_2,False,5.77
517,Grade 3,140 + 72 =,212,210,212,choice_1,choice_2,False,9.76
518,Grade 5,13 * 8 =,106,104,104,choice_2,choice_2,True,8.59
519,Grade 5,62 - 49 =,13,15,13,choice_1,choice_2,False,5.79
520,Grade 2,8 + 11 =,21,19,19,choice_2,choice_2,True,9.43
521,Grade 3,130 + 136 =,268,266,266,choice_2,choice_1,False,7.61
522,Grade 1,19 - 14 =,6,5,5,choice_2,choice_1,False,4.33
523,Grade 1,20 + 20 =,40,39,40,choice_1,choice_1,True,7.01
524,Grade 4,40 - 35 =,5,8,5,choice_1,choice_1,True,9.34
525,Grade 5,71 - 58 =,11,13,13,choice_2,choice_1,False,6.89
526,Grade 3,65 + 99 =,162,164,164,choice_2,choice_1,False,8.86
527,Grade 1,19 + 19 =,38,36,38,choice_1,choice_1,True,5.49
528,Grade 5,10 * 10 =,100,102,100,choice_1,choice_1,True,4.07
529,Grade 1,15 + 3 =,17,18,18,choice_2,choice_1,False,7.17
530,Grade 1,19 + 20 =,39,42,39,choice_1,choice_2,False,7.77
531,Grade 4,10 * 6 =,59,60,60,choice_2,choice_2,True,6.29
532,Grade 4,52 - 35 =,17,15,17,choice_1,choice_2,False,6.37
533,Grade 3,2 * 5 =,9,10,10,choice_2,choice_1,False,9.2
534,Grade 5,147 + 80 =,226,227,227,choice_2,choice_2,True,3.31
535,Grade 1,15 - 6 =,8,9,9,choice_2,choice_1,False,5.31
536,Grade 2,14 + 7 =,20,21,21,choice_2,choice_2,True,3.13
537,Grade 2,19 + 18 =,37,35,37,choice_1,choice_2,False,4.96
538,Grade 1,19 - 16 =,3,2,3,choice_1,choice_2,False,6.09
539,Grade 1,20 + 12 =,35,32,32,choice_2,choice_2,True,7.72
540,Grade 3,88 - 56 =,33,32,32,choice_2,choice_1,False,5.26
541,Grade 2,8 + 20 =,26,28,28,choice_2,choice_2,True,5.36
542,Grade 4,61 - 31 =,30,32,30,choice_1,choice_2,False,8.71
543,Grade 4,40 - 29 =,12,11,11,choice_2,choice_2,True,4.61
544,Grade 3,7 * 11 =,77,76,77,choice_1,choice_1,True,3.18
545,Grade 4,88 - 56 =,34,32,32,choice_2,choice_2,True,5.89
546,Grade 4,19 * 12 =,229,228,228,choice_2,choice_2,True,7.36
547,Grade 4,129 + 148 =,277,278,277,choice_1,choice_2,False,3.23
548,Grade 4,101 + 75 =,176,177,176,choice_1,choice_1,True,5.31
549,Grade 1,15 - 9 =,6,7,6,choice_1,choice_1,True,9.37
550,Grade 2,3 + 1 =,6,4,4,choice_2,choice_1,False,9.58
551,Grade 1,20 - 16 =,4,3,4,choice_1,choice_2,False,7.65
552,Grade 3,108 + 101 =,207,209,209,choice_2,choice_2,True,4.53
553,Grade 3,64 + 140 =,204,203,204,choice_1,choice_2,False,3.99
554,Grade 1,12 + 19 =,32,31,31,choice_2,choice_2,True,5.57
555,Grade 4,5 * 10 =,52,50,50,choice_2,choice_2,True,4.56
556,Grade 4,80 + 85 =,165,167,165,choice_1,choice_2,False,6.77
557,Grade 2,11 - 7 =,7,4,4,choice_2,choice_1,False,7.65
558,Grade 2,15 - 4 =,12,11,11,choice_2,choice_2,True,4.43
559,Grade 1,14 - 10 =,4,5,4,choice_1,choice_2,False,8.32
560,Grade 5,19 * 2 =,38,41,38,choice_1,choice_1,True,9.32
561,Grade 1,2 + 18 =,20,22,20,choice_1,choice_1,True,3.08
562,Grade 5,2 * 8 =,16,17,16,choice_1,choice_2,False,4.72
563,Grade 1,1 + 7 =,8,7,8,choice_1,choice_1,True,4.93
564,Grade 1,12 + 19 =,29,31,31,choice_2,choice_2,True,9.76
565,Grade 1,15 - 8 =,5,7,7,choice_2,choice_2,True,6.04
566,Grade 1,10 + 11 =,22,21,21,choice_2,choice_2,True,8.14
567,Grade 2,18 - 5 =,13,14,13,choice_1,choice_1,True,4.01
568,Grade 5,48 + 94 =,141,142,142,choice_2,choice_1,False,9.15
569,Grade 2,19 + 3 =,23,22,22,choice_2,choice_1,False,3.98
570,Grade 5,37 + 136 =,172,173,173,choice_2,choice_2,True,5.02
571,Grade 3,11 * 10 =,113,110,110,choice_2,choice_2,True,5.79
572,Grade 2,12 - 5 =,7,9,7,choice_1,choice_2,False,8.18
573,Grade 5,108 + 92 =,200,201,200,choice_1,choice_1,True,6.1
574,Grade 4,44 + 37 =,81,84,81,choice_1,choice_1,True,5.57
575,Grade 2,20 + 18 =,36,38,38,choice_2,choice_1,False,5.78
576,Grade 2,6 - 1 =,6,5,5,choice_2,choice_2,True,4.04
577,Grade 1,19 + 15 =,32,34,34,choice_2,choice_1,False,3.13
578,Grade 5,67 - 47 =,20,19,20,choice_1,choice_2,False,9.03
579,Grade 5,56 - 51 =,5,6,5,choice_1,choice_1,True,8.59
580,Grade 2,16 + 14 =,29,30,30,choice_2,choice_2,True,7.5
581,Grade 2,14 + 2 =,19,16,16,choice_2,choice_2,True,7.46
582,Grade 5,10 * 5 =,49,50,50,choice_2,choice_2,True,6.17
583,Grade 3,7 * 9 =,62,63,63,choice_2,choice_2,True,6.27
584,Grade 4,123 + 102 =,227,225,225,choice_2,choice_2,True,4.88
585,Grade 4,20 * 3 =,60,59,60,choice_1,choice_2,False,4.88
586,Grade 1,20 + 2 =,22,23,22,choice_1,choice_1,True,7.5
587,Grade 5,8 * 4 =,30,32,32,choice_2,choice_2,True,8.04
588,Grade 3,14 * 4 =,55,56,56,choice_2,choice_2,True,8.46
589,Grade 3,67 - 21 =,48,46,46,choice_2,choice_2,True,8.49
590,Grade 1,4 + 10 =,14,12,14,choice_1,choice_2,False,7.82
591,Grade 2,17 + 2 =,19,22,19,choice_1,choice_2,False,5.33
592,Grade 2,15 + 10 =,27,25,25,choice_2,choice_2,True,8.61
593,Grade 2,7 + 17 =,26,24,24,choice_2,choice_1,False,5.33
594,Grade 3,69 + 77 =,146,148,146,choice_1,choice_1,True,5.08
595,Grade 5,7 * 2 =,15,14,14,choice_2,choice_2,True,8.15
596,Grade 5,8 * 10 =,79,80,80,choice_2,choice_1,False,6.76
597,Grade 3,15 * 6 =,93,90,90,choice_2,choice_1,False,4.96
598,Grade 5,102 + 46 =,150,148,148,choice_2,choice_1,False,6.96
599,Grade 5,98 + 78 =,174,176,176,choice_2,choice_1,False,8.88
600,Grade 3,60 - 35 =,26,25,25,choice_2,choice_2,True,5.7
601,Grade 2,11 - 9 =,2,3,2,choice_1,choice_2,False,5.7
602,Grade 4,16 * 7 =,111,112,112,choice_2,choice_1,False,7.97
603,Grade 1,11 - 5 =,6,4,6,choice_1,choice_2,False,6.91
604,Grade 3,86 + 97 =,183,186,183,choice_1,choice_1,True,5.93
605,Grade 4,108 + 39 =,147,148,147,choice_1,choice_2,False,7.68
606,Grade 1,16 + 2 =,20,18,18,choice_2,choice_2,True,6.48
607,Grade 3,126 + 124 =,250,252,250,choice_1,choice_1,True,6.22
608,Grade 5,92 - 73 =,18,19,19,choice_2,choice_1,False,6.3
609,Grade 4,35 - 31 =,2,4,4,choice_2,choice_2,True,5.03
610,Grade 3,141 + 135 =,277,276,276,choice_2,choice_1,False,4.94
611,Grade 3,65 + 96 =,161,164,161,choice_1,choice_1,True,9.78
612,Grade 5,97 - 89 =,8,7,8,choice_1,choice_1,True,5.71
613,Grade 5,33 - 33 =,0,1,0,choice_1,choice_2,False,3.41
614,Grade 3,75 + 23 =,99,98,98,choice_2,choice_2,True,7.59
615,Grade 5,144 + 112 =,256,254,256,choice_1,choice_1,True,5.67
616,Grade 1,10 - 4 =,7,6,6,choice_2,choice_1,False,4.19
617,Grade 3,18 * 8 =,144,143,144,choice_1,choice_1,True,3.42
618,Grade 2,5 - 1 =,4,6,4,choice_1,choice_2,False,7.41
619,Grade 4,53 - 18 =,33,35,35,choice_2,choice_1,False,6.61
620,Grade 5,49 + 69 =,118,121,118,choice_1,choice_1,True,8.71
621,Grade 2,20 - 19 =,-1,1,1,choice_2,choice_1,False,8.62
622,Grade 1,9 - 4 =,5,4,5,choice_1,choice_1,True,8.9
623,Grade 4,26 - 21 =,5,3,5,choice_1,choice_1,True,8.77
624,Grade 1,5 + 2 =,7,8,7,choice_1,choice_1,True,9.47
625,Grade 1,4 - 1 =,4,3,3,choice_2,choice_2,True,4.91
626,Grade 3,137 + 145 =,285,282,282,choice_2,choice_1,False,5.31
627,Grade 1,13 - 8 =,7,5,5,choice_2,choice_1,False,4.68
628,Grade 5,61 + 95 =,155,156,156,choice_2,choice_2,True,8.19
629,Grade 5,6 * 10 =,61,60,60,choice_2,choice_2,True,5.4
630,Grade 5,16 * 9 =,144,142,144,choice_1,choice_2,False,8.28
631,Grade 1,18 + 9 =,29,27,27,choice_2,choice_2,True,4.16
632,Grade 2,4 + 15 =,19,22,19,choice_1,choice_2,False,8.6
633,Grade 2,5 + 13 =,21,18,18,choice_2,choice_1,False,9.86
634,Grade 2,12 - 3 =,10,9,9,choice_2,choice_2,True,8.14
635,Grade 3,5 * 10 =,50,52,50,choice_1,choice_1,True,4.62
636,Grade 1,1 + 6 =,5,7,7,choice_2,choice_1,False,4.13
637,Grade 3,8 * 7 =,56,59,56,choice_1,choice_1,True,9.53
638,Grade 1,20 + 4 =,22,24,24,choice_2,choice_1,False,8.8
639,Grade 4,10 * 4 =,41,40,40,choice_2,choice_2,True,6.76
640,Grade 1,17 + 18 =,35,33,35,choice_1,choice_1,True,9.64
641,Grade 4,12 * 9 =,106,108,108,choice_2,choice_1,False,5.18
642,Grade 4,107 + 61 =,167,168,168,choice_2,choice_2,True,9.44
643,Grade 1,9 - 3 =,6,8,6,choice_1,choice_2,False,3.78
644,Grade 5,14 * 11 =,154,153,154,choice_1,choice_1,True,6.47
645,Grade 3,44 - 27 =,17,16,17,choice_1,choice_1,True,7.86
646,Grade 2,18 - 8 =,10,9,10,choice_1,choice_2,False,4.56
647,Grade 1,17 - 3 =,14,17,14,choice_1,choice_1,True,4.12
648,Grade 4,77 + 105 =,182,180,182,choice_1,choice_1,True,8.58
649,Grade 5,6 * 12 =,75,72,72,choice_2,choice_1,False,9.26
650,Grade 2,7 + 6 =,11,13,13,choice_2,choice_1,False,7.52
651,Grade 3,2 * 10 =,20,21,20,choice_1,choice_1,True,8.67
652,Grade 5,142 + 147 =,290,289,289,choice_2,choice_2,True,9.58
653,Grade 5,2 * 5 =,11,10,10,choice_2,choice_1,False,9.77
654,Grade 2,7 + 19 =,26,24,26,choice_1,choice_1,True,5.07
655,Grade 4,18 * 5 =,93,90,90,choice_2,choice_2,True,4.18
656,Grade 3,82 + 43 =,127,125,125,choice_2,choice_2,True,9.4
657,Grade 2,17 - 15 =,0,2,2,choice_2,choice_1,False,5.07
658,Grade 3,98 + 92 =,190,188,190,choice_1,choice_2,False,7.81
659,Grade 2,19 + 1 =,23,20,20,choice_2,choice_2,True,4.81
660,Grade 4,90 - 55 =,37,35,35,choice_2,choice_2,True,5.05
661,Grade 3,9 * 4 =,36,35,36,choice_1,choice_2,False,6.89
662,Grade 4,125 + 37 =,161,162,162,choice_2,choice_1,False,8.04
663,Grade 1,15 - 8 =,6,7,7,choice_2,choice_2,True,8.02
664,Grade 3,77 - 47 =,30,33,30,choice_1,choice_2,False,8.28
665,Grade 1,18 - 2 =,19,16,16,choice_2,choice_1,False,4.84
666,Grade 4,20 * 5 =,100,101,100,choice_1,choice_1,True,6.17
667,Grade 5,68 - 66 =,2,1,2,choice_1,choice_1,True,6.0
668,Grade 2,16 - 10 =,6,7,6,choice_1,choice_2,False,3.46
669,Grade 4,18 * 10 =,180,181,180,choice_1,choice_2,False,5.99
670,Grade 4,15 * 2 =,29,30,30,choice_2,choice_2,True,7.18
671,Grade 5,68 - 28 =,40,39,40,choice_1,choice_1,True,7.38
672,Grade 4,15 * 10 =,149,150,150,choice_2,choice_1,False,3.93
673,Grade 1,7 - 5 =,2,3,2,choice_1,choice_2,False,6.53
674,Grade 5,9 * 3 =,27,28,27,choice_1,choice_1,True,4.05
675,Grade 3,6 * 5 =,29,30,30,choice_2,choice_1,False,7.83
676,Grade 1,15 - 15 =,0,3,0,choice_1,choice_1,True,5.12
677,Grade 2,2 - 2 =,2,0,0,choice_2,choice_1,False,7.55
678,Grade 4,20 * 5 =,103,100,100,choice_2,choice_2,True,4.46
679,Grade 5,11 * 8 =,88,87,88,choice_1,choice_2,False,8.05
680,Grade 4,20 * 10 =,200,199,200,choice_1,choice_1,True,6.95
681,Grade 1,7 + 15 =,25,22,22,choice_2,choice_2,True,9.63
682,Grade 3,111 + 94 =,205,203,205,choice_1,choice_2,False,10.0
683,Grade 2,16 - 1 =,15,18,15,choice_1,choice_1,True,6.14
684,Grade 5,128 + 29 =,157,159,157,choice_1,choice_2,False,4.69
685,Grade 1,16 - 9 =,7,10,7,choice_1,choice_1,True,3.96
686,Grade 5,38 - 26 =,13,12,12,choice_2,choice_2,True,9.94
687,Grade 3,19 * 2 =,38,39,38,choice_1,choice_2,False,9.81
688,Grade 5,46 + 91 =,137,138,137,choice_1,choice_1,True,6.92
689,Grade 1,10 + 4 =,14,12,14,choice_1,choice_1,True,9.92
690,Grade 4,3 * 7 =,21,22,21,choice_1,choice_1,True,3.09
691,Grade 1,7 - 4 =,3,1,3,choice_1,choice_2,False,4.57
692,Grade 4,11 * 8 =,88,86,88,choice_1,choice_2,False,4.67
693,Grade 5,20 - 13 =,10,7,7,choice_2,choice_1,False,5.31
694,Grade 5,16 * 5 =,79,80,80,choice_2,choice_2,True,7.33
695,Grade 4,15 * 3 =,44,45,45,choice_2,choice_1,False,9.06
696,Grade 5,9 * 5 =,47,45,45,choice_2,choice_1,False,7.23
697,Grade 3,16 * 11 =,174,176,176,choice_2,choice_2,True,3.19
698,Grade 5,15 * 10 =,153,150,150,choice_2,choice_2,True,6.06
699,Grade 2,10 - 7 =,4,3,3,choice_2,choice_2,True,4.67
700,Grade 2,20 + 11 =,31,33,31,choice_1,choice_1,True,5.12
701,Grade 3,108 + 89 =,195,197,197,choice_2,choice_2,True,9.51
702,Grade 1,11 - 6 =,5,7,5,choice_1,choice_1,True,7.11
703,Grade 4,10 * 12 =,123,120,120,choice_2,choice_1,False,5.25
704,Grade 2,13 - 1 =,11,12,12,choice_2,choice_1,False,3.92
705,Grade 1,4 - 3 =,4,1,1,choice_2,choice_1,False,9.11
706,Grade 3,3 * 6 =,18,21,18,choice_1,choice_1,True,5.3
707,Grade 1,15 - 9 =,9,6,6,choice_2,choice_1,False,5.3
708,Grade 4,20 * 10 =,199,200,200,choice_2,choice_1,False,6.43
709,Grade 4,19 * 10 =,190,192,190,choice_1,choice_1,True,5.18
710,Grade 1,11 - 7 =,4,6,4,choice_1,choice_2,False,5.27
711,Grade 4,34 + 70 =,104,103,104,choice_1,choice_1,True,9.91
712,Grade 4,18 * 4 =,75,72,72,choice_2,choice_2,True,3.28
713,Grade 1,19 + 13 =,32,30,32,choice_1,choice_2,False,9.17
714,Grade 4,73 + 107 =,183,180,180,choice_2,choice_2,True,3.01
715,Grade 3,42 - 37 =,8,5,5,choice_2,choice_1,False,3.03
716,Grade 1,16 - 12 =,7,4,4,choice_2,choice_2,True,6.55
717,Grade 5,75 - 47 =,28,29,28,choice_1,choice_1,True,9.49
718,Grade 5,9 * 3 =,26,27,27,choice_2,choice_2,True,5.78
719,Grade 5,12 * 9 =,110,108,108,choice_2,choice_2,True,8.07
720,Grade 1,2 + 18 =,21,20,20,choice_2,choice_2,True,6.41
721,Grade 1,14 - 11 =,3,1,3,choice_1,choice_1,True,7.36
722,Grade 1,12 + 18 =,32,30,30,choice_2,choice_2,True,4.57
723,Grade 2,9 + 18 =,26,27,27,choice_2,choice_1,False,4.62
724,Grade 2,11 - 4 =,7,10,7,choice_1,choice_1,True,5.9
725,Grade 4,61 - 45 =,16,17,16,choice_1,choice_2,False,4.4
726,Grade 2,18 - 4 =,14,12,14,choice_1,choice_2,False,3.16
727,Grade 2,13 + 10 =,21,23,23,choice_2,choice_2,True,8.49
728,Grade 1,5 - 2 =,1,3,3,choice_2,choice_1,False,3.17
729,Grade 2,9 + 20 =,31,29,29,choice_2,choice_2,True,4.29
730,Grade 3,107 + 82 =,189,188,189,choice_1,choice_1,True,4.67
731,Grade 5,53 + 28 =,81,82,81,choice_1,choice_2,False,7.55
732,Grade 5,11 * 3 =,31,33,33,choice_2,choice_2,True,5.74
733,Grade 5,35 - 10 =,25,28,25,choice_1,choice_2,False,7.74
734,Grade 5,126 + 34 =,159,160,160,choice_2,choice_2,True,4.95
735,Grade 3,57 - 18 =,37,39,39,choice_2,choice_1,False,3.86
736,Grade 3,3 * 12 =,34,36,36,choice_2,choice_2,True,9.07
737,Grade 3,99 - 18 =,81,80,81,choice_1,choice_1,True,6.3
738,Grade 3,79 + 73 =,152,150,152,choice_1,choice_2,False,4.62
739,Grade 1,19 + 1 =,20,23,20,choice_1,choice_1,True,9.06
740,Grade 1,13 + 2 =,15,16,15,choice_1,choice_2,False,7.55
741,Grade 2,3 - 1 =,4,2,2,choice_2,choice_2,True,5.51
742,Grade 2,1 + 12 =,15,13,13,choice_2,choice_1,False,3.0
743,Grade 1,4 + 14 =,16,18,18,choice_2,choice_1,False,7.07
744,Grade 3,11 * 9 =,101,99,99,choice_2,choice_2,True,7.04
745,Grade 2,2 + 4 =,9,6,6,choice_2,choice_1,False,9.0
746,Grade 2,19 - 1 =,21,18,18,choice_2,choice_1,False,5.37
747,Grade 3,31 - 19 =,12,14,12,choice_1,choice_1,True,4.53
748,Grade 5,13 * 9 =,117,118,117,choice_1,choice_1,True,3.0
749,Grade 2,4 - 4 =,1,0,0,choice_2,choice_1,False,3.93
750,Grade 4,20 * 5 =,100,101,100,choice_1,choice_2,False,3.72
751,Grade 4,17 * 2 =,37,34,34,choice_2,choice_1,False,5.45
752,Grade 3,24 - 11 =,14,13,13,choice_2,choice_1,False,8.41
753,Grade 2,6 + 9 =,15,18,15,choice_1,choice_1,True,5.52
754,Grade 4,86 + 58 =,144,147,144,choice_1,choice_1,True,7.94
755,Grade 3,78 - 20 =,60,58,58,choice_2,choice_1,False,9.66
756,Grade 4,10 * 2 =,19,20,20,choice_2,choice_1,False,5.04
757,Grade 5,14 * 2 =,28,26,28,choice_1,choice_2,False,3.5
758,Grade 3,122 + 85 =,208,207,207,choice_2,choice_1,False,9.56
759,Grade 2,19 - 10 =,9,7,9,choice_1,choice_1,True,8.86
760,Grade 5,15 * 10 =,148,150,150,choice_2,choice_2,True,3.6
761,Grade 4,19 * 2 =,38,40,38,choice_1,choice_1,True,8.0
762,Grade 2,1 + 17 =,16,18,18,choice_2,choice_1,False,8.25
763,Grade 5,51 + 115 =,168,166,166,choice_2,choice_1,False,7.73
764,Grade 1,4 - 1 =,1,3,3,choice_2,choice_1,False,6.12
765,Grade 5,86 - 74 =,14,12,12,choice_2,choice_2,True,3.79
766,Grade 4,57 + 92 =,149,148,149,choice_1,choice_2,False,3.03
767,Grade 4,118 + 31 =,149,147,149,choice_1,choice_1,True,4.13
768,Grade 4,15 * 6 =,89,90,90,choice_2,choice_2,True,6.01
769,Grade 4,10 * 5 =,50,52,50,choice_1,choice_1,True,6.76
770,Grade 1,19 - 13 =,6,8,6,choice_1,choice_2,False,9.78
771,Grade 3,84 - 42 =,43,42,42,choice_2,choice_1,False,6.49
772,Grade 5,12 * 10 =,120,118,120,choice_1,choice_1,True,5.49
773,Grade 1,10 + 20 =,30,28,30,choice_1,choice_1,True,7.87
774,Grade 1,13 + 18 =,31,33,31,choice_1,choice_1,True,7.19
775,Grade 5,91 - 26 =,65,64,65,choice_1,choice_2,False,9.73
776,Grade 1,17 + 4 =,21,23,21,choice_1,choice_2,False,3.8
777,Grade 4,34 + 143 =,177,180,177,choice_1,choice_1,True,8.65
778,Grade 4,86 - 85 =,3,1,1,choice_2,choice_2,True,7.68
779,Grade 3,65 - 28 =,37,39,37,choice_1,choice_1,True,9.54
780,Grade 3,4 * 8 =,33,32,32,choice_2,choice_1,False,3.85
781,Grade 2,17 + 14 =,34,31,31,choice_2,choice_2,True,9.42
782,Grade 1,16 - 6 =,8,10,10,choice_2,choice_2,True,3.32
783,Grade 5,75 + 67 =,142,145,142,choice_1,choice_1,True,4.38
784,Grade 2,19 - 16 =,4,3,3,choice_2,choice_2,True,6.55
785,Grade 5,2 * 7 =,16,14,14,choice_2,choice_2,True,4.83
786,Grade 2,13 + 12 =,27,25,25,choice_2,choice_2,True,7.51
787,Grade 4,29 + 98 =,127,129,127,choice_1,choice_2,False,5.56
788,Grade 5,75 - 22 =,53,55,53,choice_1,choice_1,True,7.89
789,Grade 3,43 - 29 =,17,14,14,choice_2,choice_1,False,3.97
790,Grade 5,88 - 52 =,36,34,36,choice_1,choice_2,False,8.64
791,Grade 4,135 + 121 =,256,259,256,choice_1,choice_1,True,7.43
792,Grade 3,19 * 5 =,95,96,95,choice_1,choice_2,False,8.68
793,Grade 1,4 - 3 =,1,4,1,choice_1,choice_1,True,7.01
794,Grade 5,60 - 39 =,19,21,21,choice_2,choice_2,True,3.03
795,Grade 1,20 - 3 =,17,19,17,choice_1,choice_2,False,8.81
796,Grade 4,59 + 54 =,115,113,113,choice_2,choice_2,True,4.82
797,Grade 3,58 - 38 =,18,20,20,choice_2,choice_1,False,6.36
798,Grade 5,28 - 17 =,11,9,11,choice_1,choice_2,False,4.56
799,Grade 1,9 + 14 =,26,23,23,choice_2,choice_1,False,5.32
800,Grade 5,34 + 108 =,142,141,142,choice_1,choice_2,False,9.29
801,Grade 4,105 + 104 =,209,208,209,choice_1,choice_1,True,5.64
802,Grade 4,5 * 8 =,40,41,40,choice_1,choice_2,False,3.52
803,Grade 4,89 - 78 =,10,11,11,choice_2,choice_2,True,5.51
804,Grade 4,44 - 11 =,31,33,33,choice_2,choice_2,True,8.64
805,Grade 5,119 + 111 =,230,229,230,choice_1,choice_1,True,5.33
806,Grade 2,15 - 8 =,5,7,7,choice_2,choice_1,False,9.8
807,Grade 1,14 + 6 =,18,20,20,choice_2,choice_2,True,4.78
808,Grade 2,10 + 15 =,28,25,25,choice_2,choice_1,False,3.94
809,Grade 1,17 + 11 =,30,28,28,choice_2,choice_2,True,4.45
810,Grade 3,113 + 124 =,237,240,237,choice_1,choice_1,True,5.63
811,Grade 1,19 + 19 =,39,38,38,choice_2,choice_1,False,9.04
812,Grade 3,57 - 53 =,3,4,4,choice_2,choice_2,True,4.85
813,Grade 4,66 + 23 =,89,90,89,choice_1,choice_2,False,7.45
814,Grade 2,11 + 11 =,25,22,22,choice_2,choice_2,True,3.32
815,Grade 3,30 - 21 =,8,9,9,choice_2,choice_1,False,6.45
816,Grade 3,79 - 72 =,8,7,7,choice_2,choice_2,True,3.24
817,Grade 1,3 + 20 =,22,23,23,choice_2,choice_1,False,8.83
818,Grade 3,29 + 29 =,58,56,58,choice_1,choice_1,True,9.69
819,Grade 4,14 * 7 =,99,98,98,choice_2,choice_2,True,9.8
820,Grade 2,10 + 8 =,18,20,18,choice_1,choice_1,True,5.26
821,Grade 4,15 * 7 =,107,105,105,choice_2,choice_1,False,9.85
822,Grade 4,133 + 93 =,227,226,226,choice_2,choice_2,True,7.24
823,Grade 2,17 - 12 =,5,8,5,choice_1,choice_2,False,4.2
824,Grade 4,34 - 20 =,14,17,14,choice_1,choice_1,True,4.15
825,Grade 1,13 - 5 =,7,8,8,choice_2,choice_1,False,7.27
826,Grade 5,73 + 67 =,139,140,140,choice_2,choice_1,False,7.81
827,Grade 2,12 - 3 =,12,9,9,choice_2,choice_1,False,4.71
828,Grade 4,97 - 69 =,27,28,28,choice_2,choice_1,False,7.06
829,Grade 1,2 + 2 =,4,3,4,choice_1,choice_2,False,9.91
830,Grade 5,89 - 73 =,16,18,16,choice_1,choice_2,False,9.42
831,Grade 2,9 + 7 =,17,16,16,choice_2,choice_1,False,4.4
832,Grade 3,119 + 114 =,233,234,233,choice_1,choice_1,True,7.83
833,Grade 1,9 - 2 =,5,7,7,choice_2,choice_2,True,4.95
834,Grade 2,20 - 10 =,10,13,10,choice_1,choice_2,False,7.42
835,Grade 1,19 - 13 =,6,7,6,choice_1,choice_1,True,3.86
836,Grade 3,73 - 10 =,63,65,63,choice_1,choice_1,True,4.45
837,Grade 1,5 + 20 =,25,24,25,choice_1,choice_1,True,4.74
838,Grade 3,74 + 110 =,182,184,184,choice_2,choice_2,True,6.51
839,Grade 4,118 + 107 =,225,228,225,choice_1,choice_1,True,8.19
840,Grade 4,90 - 83 =,7,5,7,choice_1,choice_1,True,9.2
841,Grade 2,11 - 5 =,4,6,6,choice_2,choice_1,False,4.27
842,Grade 3,26 - 22 =,5,4,4,choice_2,choice_1,False,4.35
843,Grade 4,13 * 10 =,131,130,130,choice_2,choice_2,True,9.55
844,Grade 2,18 - 5 =,13,11,13,choice_1,choice_2,False,5.02
845,Grade 4,43 - 20 =,26,23,23,choice_2,choice_2,True,7.79
846,Grade 5,4 * 11 =,44,46,44,choice_1,choice_1,True,6.86
847,Grade 5,104 + 101 =,208,205,205,choice_2,choice_2,True,5.98
848,Grade 4,49 - 24 =,23,25,25,choice_2,choice_1,False,8.19
849,Grade 4,33 + 27 =,63,60,60,choice_2,choice_2,True,4.91
850,Grade 5,129 + 82 =,209,211,211,choice_2,choice_1,False,7.77
851,Grade 1,15 - 14 =,1,2,1,choice_1,choice_1,True,9.07
852,Grade 2,2 + 14 =,16,17,16,choice_1,choice_2,False,8.61
853,Grade 5,18 * 11 =,201,198,198,choice_2,choice_1,False,4.71
854,Grade 3,129 + 133 =,262,261,262,choice_1,choice_2,False,9.09
855,Grade 4,4 * 7 =,28,31,28,choice_1,choice_1,True,4.71
856,Grade 5,77 + 147 =,224,222,224,choice_1,choice_1,True,9.63
857,Grade 2,9 + 11 =,20,21,20,choice_1,choice_2,False,5.86
858,Grade 2,14 - 8 =,5,6,6,choice_2,choice_1,False,4.92
859,Grade 5,60 + 117 =,175,177,177,choice_2,choice_2,True,8.67
860,Grade 1,10 + 2 =,12,13,12,choice_1,choice_2,False,9.57
861,Grade 1,11 - 7 =,4,7,4,choice_1,choice_2,False,8.62
862,Grade 3,69 - 60 =,9,11,9,choice_1,choice_1,True,7.63
863,Grade 2,12 - 10 =,2,3,2,choice_1,choice_2,False,7.43
864,Grade 2,13 - 1 =,10,12,12,choice_2,choice_1,False,4.2
865,Grade 1,16 + 11 =,25,27,27,choice_2,choice_1,False,3.22
866,Grade 5,14 * 10 =,140,138,140,choice_1,choice_1,True,3.17
867,Grade 5,16 * 5 =,82,80,80,choice_2,choice_1,False,5.35
868,Grade 3,73 + 136 =,209,208,209,choice_1,choice_1,True,4.71
869,Grade 1,8 - 4 =,6,4,4,choice_2,choice_2,True,5.01
870,Grade 5,87 - 75 =,14,12,12,choice_2,choice_2,True,3.18
871,Grade 3,121 + 40 =,164,161,161,choice_2,choice_1,False,9.8
872,Grade 3,22 + 76 =,98,99,98,choice_1,choice_1,True,5.61
873,Grade 2,15 - 10 =,5,8,5,choice_1,choice_1,True,9.42
874,Grade 1,18 - 16 =,2,5,2,choice_1,choice_2,False,6.07
875,Grade 1,14 + 18 =,32,34,32,choice_1,choice_2,False,4.96
876,Grade 2,15 - 14 =,2,1,1,choice_2,choice_1,False,9.13
877,Grade 3,51 + 138 =,189,188,189,choice_1,choice_1,True,5.85
878,Grade 2,13 + 5 =,16,18,18,choice_2,choice_2,True,8.02
879,Grade 2,2 + 2 =,3,4,4,choice_2,choice_1,False,3.17
880,Grade 3,14 * 9 =,124,126,126,choice_2,choice_1,False,4.67
881,Grade 3,26 + 101 =,127,129,127,choice_1,choice_2,False,5.81
882,Grade 1,14 - 9 =,8,5,5,choice_2,choice_2,True,6.31
883,Grade 5,81 + 60 =,141,142,141,choice_1,choice_2,False,8.17
884,Grade 4,127 + 54 =,179,181,181,choice_2,choice_1,False,4.14
885,Grade 2,18 + 18 =,36,38,36,choice_1,choice_2,False,6.08
886,Grade 2,16 - 8 =,7,8,8,choice_2,choice_2,True,6.58
887,Grade 5,27 - 24 =,2,3,3,choice_2,choice_1,False,7.95
888,Grade 4,35 + 124 =,159,160,159,choice_1,choice_2,False,8.23
889,Grade 5,17 * 9 =,156,153,153,choice_2,choice_2,True,3.16
890,Grade 1,20 + 8 =,28,27,28,choice_1,choice_2,False,5.81
891,Grade 4,44 - 37 =,7,10,7,choice_1,choice_2,False,4.05
892,Grade 5,3 * 4 =,11,12,12,choice_2,choice_1,False,7.9
893,Grade 5,66 + 58 =,122,124,124,choice_2,choice_1,False,9.24
894,Grade 3,55 + 141 =,197,196,196,choice_2,choice_1,False,4.77
895,Grade 3,4 * 2 =,6,8,8,choice_2,choice_1,False,8.04
896,Grade 5,124 + 146 =,270,272,270,choice_1,choice_1,True,6.87
897,Grade 2,11 + 3 =,14,17,14,choice_1,choice_1,True,8.45
898,Grade 3,73 - 33 =,38,40,40,choice_2,choice_1,False,8.31
899,Grade 1,2 - 1 =,1,-1,1,choice_1,choice_1,True,6.48
900,Grade 3,18 * 6 =,108,110,108,choice_1,choice_1,True,3.79
901,Grade 3,142 + 84 =,226,224,226,choice_1,choice_1,True,8.19
902,Grade 2,20 - 9 =,10,11,11,choice_2,choice_1,False,5.57
903,Grade 5,79 - 57 =,21,22,22,choice_2,choice_1,False,4.73
904,Grade 2,8 - 2 =,4,6,6,choice_2,choice_1,False,4.37
905,Grade 2,20 - 1 =,19,21,19,choice_1,choice_2,False,8.7
906,Grade 5,73 + 60 =,132,133,133,choice_2,choice_1,False,5.66
907,Grade 2,3 - 3 =,-1,0,0,choice_2,choice_1,False,6.7
908,Grade 4,49 - 23 =,28,26,26,choice_2,choice_1,False,9.56
909,Grade 5,10 * 4 =,41,40,40,choice_2,choice_2,True,7.35
910,Grade 4,93 - 59 =,34,36,34,choice_1,choice_1,True,8.79
911,Grade 4,35 - 26 =,9,11,9,choice_1,choice_1,True,9.02
912,Grade 3,5 * 3 =,13,15,15,choice_2,choice_1,False,7.56
913,Grade 2,16 - 5 =,9,11,11,choice_2,choice_2,True,4.64
914,Grade 3,16 * 10 =,160,159,160,choice_1,choice_1,True,4.36
915,Grade 2,19 - 7 =,14,12,12,choice_2,choice_2,True,4.03
916,Grade 5,5 * 10 =,51,50,50,choice_2,choice_1,False,6.58
917,Grade 4,73 + 54 =,126,127,127,choice_2,choice_1,False,7.28
918,Grade 2,2 + 8 =,11,10,10,choice_2,choice_2,True,8.61
919,Grade 2,15 - 4 =,11,14,11,choice_1,choice_1,True,6.53
920,Grade 3,94 - 73 =,21,22,21,choice_1,choice_1,True,4.53
921,Grade 4,62 + 138 =,200,203,200,choice_1,choice_2,False,5.66
922,Grade 3,31 + 84 =,116,115,115,choice_2,choice_1,False,6.47
923,Grade 2,14 - 4 =,9,10,10,choice_2,choice_1,False,7.69
924,Grade 1,1 + 19 =,20,18,20,choice_1,choice_2,False,7.95
925,Grade 4,20 * 7 =,140,141,140,choice_1,choice_1,True,7.26
926,Grade 2,14 - 5 =,12,9,9,choice_2,choice_2,True,3.51
927,Grade 4,8 * 2 =,16,19,16,choice_1,choice_1,True,3.66
928,Grade 1,9 - 6 =,2,3,3,choice_2,choice_2,True,3.49
929,Grade 1,11 + 11 =,21,22,22,choice_2,choice_2,True,4.57
930,Grade 4,60 - 45 =,13,15,15,choice_2,choice_1,False,3.05
931,Grade 5,20 * 3 =,58,60,60,choice_2,choice_2,True,5.63
932,Grade 5,87 - 17 =,68,70,70,choice_2,choice_2,True,5.79
933,Grade 2,14 - 14 =,0,3,0,choice_1,choice_1,True,5.97
934,Grade 4,40 + 131 =,171,173,171,choice_1,choice_1,True,9.41
935,Grade 3,36 - 28 =,8,10,8,choice_1,choice_2,False,5.8
936,Grade 1,11 - 5 =,6,7,6,choice_1,choice_2,False,6.99
937,Grade 3,15 * 6 =,89,90,90,choice_2,choice_2,True,7.26
938,Grade 3,19 * 4 =,79,76,76,choice_2,choice_1,False,4.98
939,Grade 5,48 - 35 =,16,13,13,choice_2,choice_2,True,7.52
940,Grade 3,15 * 12 =,178,180,180,choice_2,choice_2,True,4.48
941,Grade 4,7 * 4 =,28,29,28,choice_1,choice_1,True,9.55
942,Grade 1,10 + 10 =,20,23,20,choice_1,choice_2,False,6.43
943,Grade 2,16 - 13 =,2,3,3,choice_2,choice_2,True,4.48
944,Grade 5,40 - 22 =,18,20,18,choice_1,choice_1,True,6.93
945,Grade 3,45 + 58 =,101,103,103,choice_2,choice_2,True,3.69
946,Grade 3,99 + 112 =,210,211,211,choice_2,choice_1,False,7.69
947,Grade 3,139 + 92 =,232,231,231,choice_2,choice_1,False,6.8
948,Grade 2,10 + 6 =,14,16,16,choice_2,choice_1,False,4.06
949,Grade 2,11 + 10 =,21,23,21,choice_1,choice_2,False,9.89
950,Grade 2,5 - 2 =,3,4,3,choice_1,choice_1,True,8.08
951,Grade 2,1 + 10 =,11,12,11,choice_1,choice_1,True,4.4
952,Grade 1,4 - 2 =,4,2,2,choice_2,choice_1,False,4.23
953,Grade 4,85 - 38 =,47,48,47,choice_1,choice_1,True,4.27
954,Grade 1,19 - 15 =,5,4,4,choice_2,choice_2,True,7.85
955,Grade 3,5 * 9 =,45,46,45,choice_1,choice_1,True,6.4
956,Grade 2,20 - 17 =,1,3,3,choice_2,choice_2,True,8.86
957,Grade 3,87 - 69 =,18,17,18,choice_1,choice_1,True,6.45
958,Grade 2,13 - 12 =,1,0,1,choice_1,choice_2,False,8.41
959,Grade 2,10 + 17 =,27,29,27,choice_1,choice_1,True,3.9
960,Grade 4,81 - 60 =,21,22,21,choice_1,choice_2,False,5.04
961,Grade 3,56 + 44 =,103,100,100,choice_2,choice_2,True,8.32
962,Grade 2,18 - 4 =,14,16,14,choice_1,choice_2,False,8.94
963,Grade 3,18 * 12 =,219,216,216,choice_2,choice_2,True,9.14
964,Grade 1,17 - 13 =,4,6,4,choice_1,choice_1,True,5.79
965,Grade 5,35 + 34 =,67,69,69,choice_2,choice_1,False,5.81
966,Grade 2,16 + 14 =,28,30,30,choice_2,choice_2,True,9.79
967,Grade 1,9 + 6 =,13,15,15,choice_2,choice_1,False,4.59
968,Grade 3,48 - 32 =,15,16,16,choice_2,choice_2,True,3.27
969,Grade 5,84 - 65 =,19,18,19,choice_1,choice_2,False,9.68
970,Grade 3,42 - 24 =,18,19,18,choice_1,choice_2,False,7.24
971,Grade 1,5 - 3 =,2,4,2,choice_1,choice_1,True,5.77
972,Grade 5,28 + 44 =,74,72,72,choice_2,choice_2,True,6.06
973,Grade 2,19 - 11 =,11,8,8,choice_2,choice_2,True,5.62
974,Grade 4,32 + 39 =,69,71,71,choice_2,choice_2,True,4.89
975,Grade 2,9 + 5 =,17,14,14,choice_2,choice_1,False,7.09
976,Grade 4,59 - 17 =,40,42,42,choice_2,choice_2,True,4.9
977,Grade 3,10 * 12 =,119,120,120,choice_2,choice_2,True,4.39
978,Grade 1,15 + 8 =,24,23,23,choice_2,choice_1,False,8.29
979,Grade 4,15 * 7 =,105,107,105,choice_1,choice_1,True,8.41
980,Grade 4,16 * 10 =,160,158,160,choice_1,choice_2,False,7.94
981,Grade 1,1 + 11 =,12,15,12,choice_1,choice_2,False,3.4
982,Grade 1,11 + 17 =,29,28,28,choice_2,choice_1,False,6.61
983,Grade 3,95 + 43 =,138,141,138,choice_1,choice_2,False,3.36
984,Grade 2,19 + 14 =,33,31,33,choice_1,choice_1,True,4.09
985,Grade 5,79 + 128 =,209,207,207,choice_2,choice_1,False,5.57
986,Grade 1,10 + 2 =,14,12,12,choice_2,choice_1,False,7.2
987,Grade 1,15 + 17 =,32,33,32,choice_1,choice_2,False,8.56
988,Grade 5,74 + 71 =,144,145,145,choice_2,choice_2,True,5.44
989,Grade 4,40 - 25 =,13,15,15,choice_2,choice_2,True,8.09
990,Grade 3,58 - 55 =,3,6,3,choice_1,choice_2,False,7.78
991,Grade 3,16 * 7 =,114,112,112,choice_2,choice_1,False,8.18
992,Grade 1,15 - 11 =,5,4,4,choice_2,choice_2,True,6.95
993,Grade 4,69 - 12 =,57,56,57,choice_1,choice_2,False,7.32
994,Grade 3,121 + 124 =,245,246,245,choice_1,choice_1,True,3.7
995,Grade 1,2 + 2 =,4,5,4,choice_1,choice_2,False,6.21
996,Grade 5,46 - 29 =,17,16,17,choice_1,choice_2,False,5.69
997,Grade 4,43 + 120 =,163,162,163,choice_1,choice_2,False,9.87
998,Grade 1,20 - 11 =,9,12,9,choice_1,choice_2,False,5.65
999,Grade 4,83 + 77 =,160,161,160,choice_1,choice_1,True,3.98
1000,Grade 1,11 - 3 =,11,8,8,choice_2,choice_1,False,4.91
